INSERT INTO user (id, first_name, last_name, username, email, password, birthdate, gender, orientation, bio, country, state, city, zip, file_1, file_2, file_3, file_4, file_5, score, token, token_date, active, register, created_at, updated_at) VALUES ("1","Koby","Baumbach","njacobson","mollie39@gmail.com","$2y$10$rLdPWmNxMj2BRUS2Hx1d4uYiFLb1jXyvyjcGRXquNKUIAtXTrF2O6","1990-07-14 01:21:59","2","2","Non et optio provident cumque vel. Adipisci et ut in quae sit velit dignissimos et. Ratione quidem aut qui.","Namibia","","Windlerfurt","06787","../fixtures/female8.jpg","../fixtures/female2.jpg","../fixtures/female10.jpg","../fixtures/female10.jpg","","94","d25848916c25d277421404c9016b9138","2006-10-10 19:12:21","0","0","1980-02-16 20:57:35","1994-04-18 22:47:25")
INSERT INTO user_tag (user_id, tag_id) VALUES ("1","9")
INSERT INTO user_tag (user_id, tag_id) VALUES ("1","28")
INSERT INTO user_tag (user_id, tag_id) VALUES ("1","46")
INSERT INTO user_tag (user_id, tag_id) VALUES ("1","43")
INSERT INTO user_tag (user_id, tag_id) VALUES ("1","37")
INSERT INTO user_tag (user_id, tag_id) VALUES ("1","18")
INSERT INTO user_tag (user_id, tag_id) VALUES ("1","44")
INSERT INTO user_tag (user_id, tag_id) VALUES ("1","33")
INSERT INTO user_tag (user_id, tag_id) VALUES ("1","25")
INSERT INTO user_tag (user_id, tag_id) VALUES ("1","10")
INSERT INTO user_tag (user_id, tag_id) VALUES ("1","30")
INSERT INTO user_tag (user_id, tag_id) VALUES ("1","39")
INSERT INTO user_tag (user_id, tag_id) VALUES ("1","23")
INSERT INTO user_tag (user_id, tag_id) VALUES ("1","28")


INSERT INTO likes (like_id, liked_id, like_date) VALUES ("1","102","2017-10-29 02:42:13")
INSERT INTO likes (like_id, liked_id, like_date) VALUES ("1","463","2017-12-07 20:30:07")
INSERT INTO likes (like_id, liked_id, like_date) VALUES ("1","413","2017-06-23 11:30:46")


INSERT INTO user (id, first_name, last_name, username, email, password, birthdate, gender, orientation, bio, country, state, city, zip, file_1, file_2, file_3, file_4, file_5, score, token, token_date, active, register, created_at, updated_at) VALUES ("2","Ernestina","Gutkowski","vlegros","betsy.armstrong@thiel.com","$2y$10$4dhCB7l9JOBZnU27OvN3Vep/Rd79jYgr1ebZV2jrazh972/1/enaK","1992-05-24 02:59:52","2","1","Et nisi rerum sit omnis repellat. Voluptas porro voluptatem corrupti repellendus dolores voluptate eligendi. Ab ipsum est eum.","Heard Island and McDonald Islands","","Hirthetown","25061-4473","../fixtures/female7.jpg","../fixtures/female4.jpg","../fixtures/female4.jpg","../fixtures/female9.jpg","","67","3de384009172eb8bde5ce4110fc39571","1980-11-04 22:58:14","1","0","1972-09-30 18:08:24","1981-06-26 06:26:49")
INSERT INTO user_tag (user_id, tag_id) VALUES ("2","25")
INSERT INTO user_tag (user_id, tag_id) VALUES ("2","26")
INSERT INTO user_tag (user_id, tag_id) VALUES ("2","11")
INSERT INTO user_tag (user_id, tag_id) VALUES ("2","24")
INSERT INTO user_tag (user_id, tag_id) VALUES ("2","31")
INSERT INTO user_tag (user_id, tag_id) VALUES ("2","14")
INSERT INTO user_tag (user_id, tag_id) VALUES ("2","20")


INSERT INTO likes (like_id, liked_id, like_date) VALUES ("2","257","2017-04-23 06:01:27")
INSERT INTO likes (like_id, liked_id, like_date) VALUES ("2","81","2017-10-16 16:20:00")
INSERT INTO likes (like_id, liked_id, like_date) VALUES ("2","240","2017-08-03 13:15:07")
INSERT INTO likes (like_id, liked_id, like_date) VALUES ("2","424","2018-01-08 13:56:50")
INSERT INTO likes (like_id, liked_id, like_date) VALUES ("2","207","2017-08-31 15:46:25")
INSERT INTO likes (like_id, liked_id, like_date) VALUES ("2","10","2017-07-11 11:23:15")
INSERT INTO likes (like_id, liked_id, like_date) VALUES ("2","467","2017-09-17 19:30:08")
INSERT INTO likes (like_id, liked_id, like_date) VALUES ("2","317","2017-11-28 06:12:42")
INSERT INTO likes (like_id, liked_id, like_date) VALUES ("2","53","2017-10-01 12:02:09")
INSERT INTO likes (like_id, liked_id, like_date) VALUES ("2","277","2017-12-15 12:23:04")
INSERT INTO likes (like_id, liked_id, like_date) VALUES ("2","149","2017-12-10 09:31:43")
INSERT INTO likes (like_id, liked_id, like_date) VALUES ("2","224","2017-12-02 13:48:26")
INSERT INTO likes (like_id, liked_id, like_date) VALUES ("2","492","2017-04-22 03:23:10")
INSERT INTO likes (like_id, liked_id, like_date) VALUES ("2","125","2017-06-17 13:53:47")


INSERT INTO user (id, first_name, last_name, username, email, password, birthdate, gender, orientation, bio, country, state, city, zip, file_1, file_2, file_3, file_4, file_5, score, token, token_date, active, register, created_at, updated_at) VALUES ("3","Kenna","Bailey","eryn02","nmosciski@yahoo.com","$2y$10$FtE7J8VoUcA6KrBIOzSUhetQcVJKrXCO8lXk8LyxggMxs69wVRP06","1949-01-02 23:56:18","1","2","Qui cupiditate aut voluptatem iusto. Sunt reiciendis quibusdam ut voluptatem corporis. Et ut nihil quam velit voluptatem tempore ipsum. Qui ut voluptas voluptas ipsa praesentium. Et in quaerat repudiandae quisquam quod.","Australia","","South Alexandrea","79817","../fixtures/male1.jpg","../fixtures/male9.jpg","","","","6","add10dd9de1104fd451c79dbb74c6dca","1992-12-23 05:43:44","1","1","1975-05-13 05:13:52","1972-06-19 20:24:18")
INSERT INTO user_tag (user_id, tag_id) VALUES ("3","48")
INSERT INTO user_tag (user_id, tag_id) VALUES ("3","18")
INSERT INTO user_tag (user_id, tag_id) VALUES ("3","8")
INSERT INTO user_tag (user_id, tag_id) VALUES ("3","13")
INSERT INTO user_tag (user_id, tag_id) VALUES ("3","31")
INSERT INTO user_tag (user_id, tag_id) VALUES ("3","12")
INSERT INTO user_tag (user_id, tag_id) VALUES ("3","2")
INSERT INTO user_tag (user_id, tag_id) VALUES ("3","28")
INSERT INTO user_tag (user_id, tag_id) VALUES ("3","40")
INSERT INTO user_tag (user_id, tag_id) VALUES ("3","41")


INSERT INTO likes (like_id, liked_id, like_date) VALUES ("3","452","2018-01-23 10:00:32")
INSERT INTO likes (like_id, liked_id, like_date) VALUES ("3","389","2017-07-31 13:36:10")
INSERT INTO likes (like_id, liked_id, like_date) VALUES ("3","38","2017-07-08 19:33:16")
INSERT INTO likes (like_id, liked_id, like_date) VALUES ("3","496","2017-11-23 18:34:05")
INSERT INTO likes (like_id, liked_id, like_date) VALUES ("3","457","2018-02-10 04:32:36")
INSERT INTO likes (like_id, liked_id, like_date) VALUES ("3","245","2017-05-30 04:15:29")
INSERT INTO likes (like_id, liked_id, like_date) VALUES ("3","164","2017-06-12 03:53:18")
INSERT INTO likes (like_id, liked_id, like_date) VALUES ("3","191","2017-08-07 21:41:57")
INSERT INTO likes (like_id, liked_id, like_date) VALUES ("3","461","2018-01-08 05:38:48")
INSERT INTO likes (like_id, liked_id, like_date) VALUES ("3","359","2017-08-29 07:20:03")


INSERT INTO user (id, first_name, last_name, username, email, password, birthdate, gender, orientation, bio, country, state, city, zip, file_1, file_2, file_3, file_4, file_5, score, token, token_date, active, register, created_at, updated_at) VALUES ("4","Theodore","McKenzie","yrogahn","sigmund09@gmail.com","$2y$10$VPNNVzLzDRAurbGLWNb5BugfbQMvEhMxCzf5LnyxA5Hn.3klSJ4my","1980-12-08 08:32:20","1","2","Earum eum amet voluptas est vitae tenetur. Sed cumque nihil in accusantium eius. Sint quisquam reiciendis quos nulla enim sapiente fuga placeat.","Nigeria","","Lake Hettie","05701","../fixtures/male6.jpg","../fixtures/male1.jpg","","","","15","a169225846b833fd758f52573defdfe1","2016-08-06 20:21:57","1","1","1989-04-15 14:41:57","1989-05-13 09:21:59")
INSERT INTO user_tag (user_id, tag_id) VALUES ("4","27")
INSERT INTO user_tag (user_id, tag_id) VALUES ("4","13")
INSERT INTO user_tag (user_id, tag_id) VALUES ("4","1")
INSERT INTO user_tag (user_id, tag_id) VALUES ("4","42")


INSERT INTO likes (like_id, liked_id, like_date) VALUES ("4","181","2017-11-10 02:11:24")
INSERT INTO likes (like_id, liked_id, like_date) VALUES ("4","80","2017-03-10 23:15:49")
INSERT INTO likes (like_id, liked_id, like_date) VALUES ("4","381","2017-12-08 08:54:53")
INSERT INTO likes (like_id, liked_id, like_date) VALUES ("4","193","2017-03-24 17:44:06")
INSERT INTO likes (like_id, liked_id, like_date) VALUES ("4","304","2017-09-23 18:46:19")


INSERT INTO user (id, first_name, last_name, username, email, password, birthdate, gender, orientation, bio, country, state, city, zip, file_1, file_2, file_3, file_4, file_5, score, token, token_date, active, register, created_at, updated_at) VALUES ("5","Zoe","Stoltenberg","gbode","gweimann@yahoo.com","$2y$10$hGzWHnbGHCLRwsk/tmbXYuuGWpNri5712PKkLeWYuag0CTyy95xCa","1973-07-16 04:05:32","2","2","Minima consequuntur velit porro non sunt ipsum. Perspiciatis vero voluptas ex perferendis. Iusto ex temporibus molestiae.","Guatemala","","West Laisha","99609","../fixtures/female7.jpg","../fixtures/female9.jpg","../fixtures/female8.jpg","../fixtures/female8.jpg","","42","b5ef428ca0ef9506c9844aad3c73fe20","2006-04-27 14:13:27","0","0","1997-06-02 03:03:03","1995-01-22 12:42:24")
INSERT INTO user_tag (user_id, tag_id) VALUES ("5","35")
INSERT INTO user_tag (user_id, tag_id) VALUES ("5","25")
INSERT INTO user_tag (user_id, tag_id) VALUES ("5","44")
INSERT INTO user_tag (user_id, tag_id) VALUES ("5","30")


INSERT INTO likes (like_id, liked_id, like_date) VALUES ("5","461","2018-01-11 05:57:46")
INSERT INTO likes (like_id, liked_id, like_date) VALUES ("5","188","2017-02-28 09:07:37")
INSERT INTO likes (like_id, liked_id, like_date) VALUES ("5","72","2018-02-03 15:14:29")
INSERT INTO likes (like_id, liked_id, like_date) VALUES ("5","47","2017-10-21 18:45:59")


INSERT INTO user (id, first_name, last_name, username, email, password, birthdate, gender, orientation, bio, country, state, city, zip, file_1, file_2, file_3, file_4, file_5, score, token, token_date, active, register, created_at, updated_at) VALUES ("6","Helmer","Heathcote","corene92","efren35@kunde.org","$2y$10$YMMBLUh460qe2RMXIuB67uNYA9YK163jQLdAQYNwzFdRoLpeoiLIK","1952-06-07 10:13:26","1","1","Odit in in quaerat excepturi nihil dolores est. Nihil incidunt dolorum tenetur suscipit eum nobis porro et. Impedit quae vel commodi quae nesciunt expedita. Autem recusandae autem ullam voluptatem unde vel adipisci voluptates.","Burundi","","North Joannie","51525-1799","../fixtures/male9.jpg","../fixtures/male10.jpg","../fixtures/male7.jpg","../fixtures/male8.jpg","../fixtures/male7.jpg","37","3f4ae8dab898416c80c1bab3256df3ab","1986-06-17 09:50:45","1","0","1986-04-08 10:17:12","2010-02-12 11:56:24")
INSERT INTO user_tag (user_id, tag_id) VALUES ("6","37")
INSERT INTO user_tag (user_id, tag_id) VALUES ("6","8")


INSERT INTO likes (like_id, liked_id, like_date) VALUES ("6","361","2017-08-09 00:18:34")
INSERT INTO likes (like_id, liked_id, like_date) VALUES ("6","206","2018-01-13 03:40:21")
INSERT INTO likes (like_id, liked_id, like_date) VALUES ("6","259","2017-03-14 14:44:21")
INSERT INTO likes (like_id, liked_id, like_date) VALUES ("6","223","2018-02-03 23:17:58")


INSERT INTO user (id, first_name, last_name, username, email, password, birthdate, gender, orientation, bio, country, state, city, zip, file_1, file_2, file_3, file_4, file_5, score, token, token_date, active, register, created_at, updated_at) VALUES ("7","Madaline","Rolfson","pnolan","ikertzmann@legros.com","$2y$10$r8zXq87pABC/La3fqi5Mv.NO6/VgBTboUVKRyg6R/ygsRQQbBSZem","1986-07-21 03:52:21","2","2","Nulla rerum suscipit laboriosam harum. Molestiae id rerum officia nam dolores doloribus. Quis aut dolorem voluptas hic eligendi quisquam.","Gabon","","West Sarah","65252","../fixtures/female10.jpg","../fixtures/female7.jpg","../fixtures/female6.jpg","../fixtures/female10.jpg","","0","c6e0cfd14bc3047a835745a52a13d284","2007-11-06 15:32:01","0","0","2009-03-11 17:18:47","1985-03-17 11:00:48")
INSERT INTO user_tag (user_id, tag_id) VALUES ("7","5")
INSERT INTO user_tag (user_id, tag_id) VALUES ("7","9")


INSERT INTO likes (like_id, liked_id, like_date) VALUES ("7","441","2017-06-24 02:53:12")
INSERT INTO likes (like_id, liked_id, like_date) VALUES ("7","69","2017-08-18 08:45:46")
INSERT INTO likes (like_id, liked_id, like_date) VALUES ("7","296","2017-07-30 23:16:45")


INSERT INTO user (id, first_name, last_name, username, email, password, birthdate, gender, orientation, bio, country, state, city, zip, file_1, file_2, file_3, file_4, file_5, score, token, token_date, active, register, created_at, updated_at) VALUES ("8","Alfredo","Yost","dolores.renner","lincoln.hermann@ruecker.net","$2y$10$flJh0pxcmb5w5w4quTJ2G.dEAh4djQn/cKoVXb/vClLYfV8vYXGuy","1997-10-26 11:32:31","1","2","Et ipsum id placeat. Natus laboriosam perspiciatis dicta in et et eum. Vitae eum accusamus non. Illo qui quasi sunt eos et dolor sit. Aut vitae officiis error dolorem.","Tunisia","","Autumnside","00724-1684","../fixtures/male9.jpg","../fixtures/male3.jpg","../fixtures/male4.jpg","../fixtures/male7.jpg","../fixtures/male9.jpg","64","adfbd386d47d58a1e63d1c9004d727a8","1980-04-17 13:54:07","0","0","1975-11-30 13:27:40","1981-11-09 03:19:08")
INSERT INTO user_tag (user_id, tag_id) VALUES ("8","11")
INSERT INTO user_tag (user_id, tag_id) VALUES ("8","33")
INSERT INTO user_tag (user_id, tag_id) VALUES ("8","10")
INSERT INTO user_tag (user_id, tag_id) VALUES ("8","17")
INSERT INTO user_tag (user_id, tag_id) VALUES ("8","33")
INSERT INTO user_tag (user_id, tag_id) VALUES ("8","29")
INSERT INTO user_tag (user_id, tag_id) VALUES ("8","41")
INSERT INTO user_tag (user_id, tag_id) VALUES ("8","31")
INSERT INTO user_tag (user_id, tag_id) VALUES ("8","9")
INSERT INTO user_tag (user_id, tag_id) VALUES ("8","21")


INSERT INTO likes (like_id, liked_id, like_date) VALUES ("8","140","2018-02-09 05:34:06")
INSERT INTO likes (like_id, liked_id, like_date) VALUES ("8","150","2017-05-03 18:35:11")
INSERT INTO likes (like_id, liked_id, like_date) VALUES ("8","62","2017-09-18 14:21:22")
INSERT INTO likes (like_id, liked_id, like_date) VALUES ("8","480","2017-06-06 04:04:10")
INSERT INTO likes (like_id, liked_id, like_date) VALUES ("8","451","2017-11-04 18:09:59")
INSERT INTO likes (like_id, liked_id, like_date) VALUES ("8","217","2017-08-11 15:31:45")
INSERT INTO likes (like_id, liked_id, like_date) VALUES ("8","482","2018-02-03 22:43:09")
INSERT INTO likes (like_id, liked_id, like_date) VALUES ("8","279","2017-12-09 15:19:34")
INSERT INTO likes (like_id, liked_id, like_date) VALUES ("8","170","2017-10-27 17:25:31")
INSERT INTO likes (like_id, liked_id, like_date) VALUES ("8","223","2018-01-28 13:01:55")
INSERT INTO likes (like_id, liked_id, like_date) VALUES ("8","35","2018-01-26 09:12:12")
INSERT INTO likes (like_id, liked_id, like_date) VALUES ("8","83","2017-02-14 21:21:06")
INSERT INTO likes (like_id, liked_id, like_date) VALUES ("8","195","2017-07-19 02:19:12")
INSERT INTO likes (like_id, liked_id, like_date) VALUES ("8","404","2017-05-03 04:17:26")
INSERT INTO likes (like_id, liked_id, like_date) VALUES ("8","110","2017-06-30 17:10:22")


INSERT INTO user (id, first_name, last_name, username, email, password, birthdate, gender, orientation, bio, country, state, city, zip, file_1, file_2, file_3, file_4, file_5, score, token, token_date, active, register, created_at, updated_at) VALUES ("9","Shanie","Barrows","oreichert","bvon@gmail.com","$2y$10$1nLWFxu58C7k3N2o0Af5TeOnWa4vrxYo8jogDkc/KCNU6EEzv7xEu","1994-07-13 10:14:36","2","2","Quam ut ea excepturi debitis aspernatur qui debitis. Eaque qui modi quo odio necessitatibus. Aut aperiam molestiae voluptatibus et repudiandae sit ipsa.","Cameroon","","Reichelstad","63446-6279","../fixtures/female2.jpg","../fixtures/female2.jpg","../fixtures/female10.jpg","../fixtures/female8.jpg","../fixtures/female7.jpg","63","c61326ea8476c8c33aefbd4bcd973cf3","1991-10-04 17:31:35","0","0","1980-06-08 20:25:02","1996-10-28 09:48:58")
INSERT INTO user_tag (user_id, tag_id) VALUES ("9","47")
INSERT INTO user_tag (user_id, tag_id) VALUES ("9","12")
INSERT INTO user_tag (user_id, tag_id) VALUES ("9","12")
INSERT INTO user_tag (user_id, tag_id) VALUES ("9","41")
INSERT INTO user_tag (user_id, tag_id) VALUES ("9","2")
INSERT INTO user_tag (user_id, tag_id) VALUES ("9","13")
INSERT INTO user_tag (user_id, tag_id) VALUES ("9","30")


INSERT INTO likes (like_id, liked_id, like_date) VALUES ("9","465","2017-09-29 22:55:23")
INSERT INTO likes (like_id, liked_id, like_date) VALUES ("9","80","2017-02-25 16:12:35")
INSERT INTO likes (like_id, liked_id, like_date) VALUES ("9","56","2017-09-07 23:06:23")
INSERT INTO likes (like_id, liked_id, like_date) VALUES ("9","82","2017-05-27 12:19:56")
INSERT INTO likes (like_id, liked_id, like_date) VALUES ("9","81","2017-04-13 10:20:26")
INSERT INTO likes (like_id, liked_id, like_date) VALUES ("9","29","2017-05-13 18:17:50")
INSERT INTO likes (like_id, liked_id, like_date) VALUES ("9","286","2018-01-30 18:22:03")
INSERT INTO likes (like_id, liked_id, like_date) VALUES ("9","26","2017-10-31 10:08:24")
INSERT INTO likes (like_id, liked_id, like_date) VALUES ("9","490","2017-09-14 21:55:17")
INSERT INTO likes (like_id, liked_id, like_date) VALUES ("9","351","2018-01-19 08:54:33")
INSERT INTO likes (like_id, liked_id, like_date) VALUES ("9","496","2017-08-21 21:12:28")
INSERT INTO likes (like_id, liked_id, like_date) VALUES ("9","53","2017-09-02 23:42:08")
INSERT INTO likes (like_id, liked_id, like_date) VALUES ("9","267","2017-10-02 12:38:19")
INSERT INTO likes (like_id, liked_id, like_date) VALUES ("9","1","2017-04-04 03:08:03")
INSERT INTO likes (like_id, liked_id, like_date) VALUES ("9","255","2017-03-04 01:07:17")
INSERT INTO likes (like_id, liked_id, like_date) VALUES ("9","450","2017-07-09 03:00:54")
INSERT INTO likes (like_id, liked_id, like_date) VALUES ("9","159","2017-08-20 15:57:54")
INSERT INTO likes (like_id, liked_id, like_date) VALUES ("9","336","2017-08-07 18:43:36")
INSERT INTO likes (like_id, liked_id, like_date) VALUES ("9","404","2017-02-24 04:03:21")
INSERT INTO likes (like_id, liked_id, like_date) VALUES ("9","198","2017-08-22 17:29:36")


INSERT INTO user (id, first_name, last_name, username, email, password, birthdate, gender, orientation, bio, country, state, city, zip, file_1, file_2, file_3, file_4, file_5, score, token, token_date, active, register, created_at, updated_at) VALUES ("10","Monty","Roberts","ondricka.garrison","jpredovic@gmail.com","$2y$10$77Yv4RB1U9jyIMp6ykYNUelerTPVnMfM4pwn/.5oR3RJGbIkHadYe","1984-10-25 17:16:24","1","1","Reiciendis minus quae et sed id sit rem quibusdam. Est animi blanditiis et facere iure animi reprehenderit. Quia ipsum voluptates doloribus. Officia numquam velit voluptate repudiandae. Facilis harum provident consequatur qui.","Belize","","Kemmerside","37684-8996","../fixtures/male10.jpg","../fixtures/male5.jpg","../fixtures/male5.jpg","../fixtures/male10.jpg","../fixtures/male3.jpg","68","c27db157d1e0ab215baf67c6db2fc83c","1993-05-23 02:33:42","0","0","2012-02-01 03:28:26","1989-02-20 04:19:00")
INSERT INTO user_tag (user_id, tag_id) VALUES ("10","45")
INSERT INTO user_tag (user_id, tag_id) VALUES ("10","1")
INSERT INTO user_tag (user_id, tag_id) VALUES ("10","50")
INSERT INTO user_tag (user_id, tag_id) VALUES ("10","9")
INSERT INTO user_tag (user_id, tag_id) VALUES ("10","25")
INSERT INTO user_tag (user_id, tag_id) VALUES ("10","15")
INSERT INTO user_tag (user_id, tag_id) VALUES ("10","19")
INSERT INTO user_tag (user_id, tag_id) VALUES ("10","25")
INSERT INTO user_tag (user_id, tag_id) VALUES ("10","4")
INSERT INTO user_tag (user_id, tag_id) VALUES ("10","29")
INSERT INTO user_tag (user_id, tag_id) VALUES ("10","9")
INSERT INTO user_tag (user_id, tag_id) VALUES ("10","31")
INSERT INTO user_tag (user_id, tag_id) VALUES ("10","21")


INSERT INTO likes (like_id, liked_id, like_date) VALUES ("10","63","2017-03-16 17:43:50")
INSERT INTO likes (like_id, liked_id, like_date) VALUES ("10","412","2017-02-28 20:33:06")
INSERT INTO likes (like_id, liked_id, like_date) VALUES ("10","176","2017-09-07 16:55:16")
INSERT INTO likes (like_id, liked_id, like_date) VALUES ("10","370","2017-12-15 10:57:45")
INSERT INTO likes (like_id, liked_id, like_date) VALUES ("10","139","2018-02-06 21:58:52")
INSERT INTO likes (like_id, liked_id, like_date) VALUES ("10","42","2017-07-22 09:36:07")
INSERT INTO likes (like_id, liked_id, like_date) VALUES ("10","419","2017-11-14 15:04:15")
INSERT INTO likes (like_id, liked_id, like_date) VALUES ("10","422","2017-02-28 13:47:03")
INSERT INTO likes (like_id, liked_id, like_date) VALUES ("10","56","2017-05-21 13:30:11")
INSERT INTO likes (like_id, liked_id, like_date) VALUES ("10","106","2017-04-30 21:50:52")
INSERT INTO likes (like_id, liked_id, like_date) VALUES ("10","461","2017-04-30 20:17:11")
INSERT INTO likes (like_id, liked_id, like_date) VALUES ("10","140","2017-06-18 03:42:04")
INSERT INTO likes (like_id, liked_id, like_date) VALUES ("10","334","2017-04-20 18:35:17")
INSERT INTO likes (like_id, liked_id, like_date) VALUES ("10","220","2018-01-26 20:50:56")
INSERT INTO likes (like_id, liked_id, like_date) VALUES ("10","164","2017-04-18 11:49:16")
INSERT INTO likes (like_id, liked_id, like_date) VALUES ("10","300","2017-06-22 04:14:19")
INSERT INTO likes (like_id, liked_id, like_date) VALUES ("10","171","2017-04-12 22:34:47")
INSERT INTO likes (like_id, liked_id, like_date) VALUES ("10","321","2018-01-26 11:13:41")
INSERT INTO likes (like_id, liked_id, like_date) VALUES ("10","237","2017-10-01 02:52:48")


INSERT INTO user (id, first_name, last_name, username, email, password, birthdate, gender, orientation, bio, country, state, city, zip, file_1, file_2, file_3, file_4, file_5, score, token, token_date, active, register, created_at, updated_at) VALUES ("11","Emmalee","Turcotte","abner85","tremblay.zack@yahoo.com","$2y$10$NR9C4cUIyl8eCQbHToiDGOxL5FJzAUIi0PgMsgDpAnJvpNIiXQXim","1995-10-09 17:01:40","1","3","Odio mollitia incidunt ut rerum aut nulla qui. Sit aut temporibus enim est mollitia pariatur. Consequatur adipisci consequatur et esse expedita sed voluptatem. Qui vitae dolore dolores exercitationem minus ea.","Nigeria","","Gibsonhaven","81413","../fixtures/male1.jpg","../fixtures/male9.jpg","../fixtures/male5.jpg","../fixtures/male6.jpg","../fixtures/male6.jpg","39","62bb41a1d7ab5b7b06eb64e67e0a1ef4","2009-07-16 04:08:47","1","0","1970-07-15 03:32:29","1988-06-15 13:21:29")
INSERT INTO user_tag (user_id, tag_id) VALUES ("11","49")
INSERT INTO user_tag (user_id, tag_id) VALUES ("11","43")
INSERT INTO user_tag (user_id, tag_id) VALUES ("11","24")
INSERT INTO user_tag (user_id, tag_id) VALUES ("11","29")
INSERT INTO user_tag (user_id, tag_id) VALUES ("11","16")
INSERT INTO user_tag (user_id, tag_id) VALUES ("11","35")
INSERT INTO user_tag (user_id, tag_id) VALUES ("11","30")
INSERT INTO user_tag (user_id, tag_id) VALUES ("11","37")
INSERT INTO user_tag (user_id, tag_id) VALUES ("11","24")
INSERT INTO user_tag (user_id, tag_id) VALUES ("11","46")


INSERT INTO likes (like_id, liked_id, like_date) VALUES ("11","186","2017-08-26 10:50:12")
INSERT INTO likes (like_id, liked_id, like_date) VALUES ("11","55","2017-07-25 01:51:48")
INSERT INTO likes (like_id, liked_id, like_date) VALUES ("11","202","2017-10-13 06:58:07")
INSERT INTO likes (like_id, liked_id, like_date) VALUES ("11","315","2017-11-06 09:21:25")
INSERT INTO likes (like_id, liked_id, like_date) VALUES ("11","366","2018-02-02 21:05:09")
INSERT INTO likes (like_id, liked_id, like_date) VALUES ("11","278","2017-02-18 22:54:00")
INSERT INTO likes (like_id, liked_id, like_date) VALUES ("11","132","2017-07-30 14:50:53")
INSERT INTO likes (like_id, liked_id, like_date) VALUES ("11","439","2017-06-17 08:00:45")
INSERT INTO likes (like_id, liked_id, like_date) VALUES ("11","463","2017-05-10 04:17:58")
INSERT INTO likes (like_id, liked_id, like_date) VALUES ("11","28","2017-06-02 05:33:18")
INSERT INTO likes (like_id, liked_id, like_date) VALUES ("11","179","2017-06-03 19:32:45")
INSERT INTO likes (like_id, liked_id, like_date) VALUES ("11","368","2018-01-24 05:35:19")
INSERT INTO likes (like_id, liked_id, like_date) VALUES ("11","238","2017-07-07 14:51:15")
INSERT INTO likes (like_id, liked_id, like_date) VALUES ("11","108","2017-05-25 12:14:38")


INSERT INTO user (id, first_name, last_name, username, email, password, birthdate, gender, orientation, bio, country, state, city, zip, file_1, file_2, file_3, file_4, file_5, score, token, token_date, active, register, created_at, updated_at) VALUES ("12","Hanna","Ernser","lreichel","pmoen@gmail.com","$2y$10$PxbitSvQt9d2nQzUHGNg6.myhh81G6FsbZ9si1zbmg1/4TU6GgWZW","1955-12-11 01:32:03","2","1","Maxime et ex ut nam voluptatem dolore. Ut incidunt sit nihil nulla facere. Tenetur repellat consectetur adipisci quia ea pariatur. Deserunt qui impedit officia accusamus dolorum corrupti culpa.","Georgia","","New Devin","45751-8101","../fixtures/female6.jpg","","","","","73","1404c1283d97cacfdc5e2f9fe5f61012","2002-01-31 14:18:30","1","0","1975-09-22 14:30:53","2003-06-15 19:23:16")
INSERT INTO user_tag (user_id, tag_id) VALUES ("12","39")
INSERT INTO user_tag (user_id, tag_id) VALUES ("12","37")


INSERT INTO likes (like_id, liked_id, like_date) VALUES ("12","241","2017-03-27 19:44:34")
INSERT INTO likes (like_id, liked_id, like_date) VALUES ("12","484","2017-06-26 09:22:58")
INSERT INTO likes (like_id, liked_id, like_date) VALUES ("12","318","2017-03-17 19:30:22")
INSERT INTO likes (like_id, liked_id, like_date) VALUES ("12","183","2017-04-02 03:26:38")
INSERT INTO likes (like_id, liked_id, like_date) VALUES ("12","425","2017-12-04 01:30:38")
INSERT INTO likes (like_id, liked_id, like_date) VALUES ("12","19","2017-08-23 15:36:53")
INSERT INTO likes (like_id, liked_id, like_date) VALUES ("12","474","2017-11-16 19:54:16")
INSERT INTO likes (like_id, liked_id, like_date) VALUES ("12","220","2017-11-28 07:59:38")


INSERT INTO user (id, first_name, last_name, username, email, password, birthdate, gender, orientation, bio, country, state, city, zip, file_1, file_2, file_3, file_4, file_5, score, token, token_date, active, register, created_at, updated_at) VALUES ("13","Allie","O'Conner","delta60","graham.etha@hotmail.com","$2y$10$XYylY3IOJ2LXxs3fVypgSOC0Eq.vE/LWk4GTkSsUSNTwRI.kWiwvq","1972-01-27 11:09:00","1","3","Sunt facilis id in veniam. In voluptas enim ea architecto voluptas. Error quia eligendi excepturi iusto non porro omnis nesciunt.","India","","Lake Katherynside","28150-4156","../fixtures/male2.jpg","../fixtures/male6.jpg","../fixtures/male6.jpg","","","78","dc0a16865fc733b151bba9bf9b0b1c24","2001-11-23 05:46:37","0","0","2003-10-28 03:08:34","1990-04-06 20:31:40")
INSERT INTO user_tag (user_id, tag_id) VALUES ("13","31")


INSERT INTO likes (like_id, liked_id, like_date) VALUES ("13","253","2017-09-29 04:03:24")
INSERT INTO likes (like_id, liked_id, like_date) VALUES ("13","235","2017-03-02 04:23:36")
INSERT INTO likes (like_id, liked_id, like_date) VALUES ("13","471","2017-04-11 00:13:37")
INSERT INTO likes (like_id, liked_id, like_date) VALUES ("13","87","2017-12-03 19:38:46")
INSERT INTO likes (like_id, liked_id, like_date) VALUES ("13","348","2017-08-14 11:44:20")


INSERT INTO user (id, first_name, last_name, username, email, password, birthdate, gender, orientation, bio, country, state, city, zip, file_1, file_2, file_3, file_4, file_5, score, token, token_date, active, register, created_at, updated_at) VALUES ("14","Trisha","Hagenes","oreilly.rodrigo","ralph.block@luettgen.org","$2y$10$Y/DKQ0kVzceY1Am.veHnlu.yqj07uPh/KeewYeFZkcGDkdX67fMr6","1989-09-30 07:53:41","2","3","Ipsum aut rem sint ad quibusdam eos enim. Laboriosam dolorem sapiente reprehenderit. Id ut reiciendis non et sed.","Liechtenstein","","Rodrickside","90178-0916","../fixtures/female8.jpg","../fixtures/female5.jpg","","","","43","cdae86c0af6bd6d8298a023bcfa7a2c0","2009-05-13 16:27:50","0","0","2006-04-12 02:33:56","1985-08-27 23:57:09")
INSERT INTO user_tag (user_id, tag_id) VALUES ("14","43")
INSERT INTO user_tag (user_id, tag_id) VALUES ("14","10")
INSERT INTO user_tag (user_id, tag_id) VALUES ("14","36")
INSERT INTO user_tag (user_id, tag_id) VALUES ("14","44")
INSERT INTO user_tag (user_id, tag_id) VALUES ("14","12")
INSERT INTO user_tag (user_id, tag_id) VALUES ("14","5")
INSERT INTO user_tag (user_id, tag_id) VALUES ("14","29")
INSERT INTO user_tag (user_id, tag_id) VALUES ("14","45")
INSERT INTO user_tag (user_id, tag_id) VALUES ("14","21")
INSERT INTO user_tag (user_id, tag_id) VALUES ("14","46")
INSERT INTO user_tag (user_id, tag_id) VALUES ("14","43")
INSERT INTO user_tag (user_id, tag_id) VALUES ("14","40")
INSERT INTO user_tag (user_id, tag_id) VALUES ("14","19")
INSERT INTO user_tag (user_id, tag_id) VALUES ("14","16")
INSERT INTO user_tag (user_id, tag_id) VALUES ("14","38")


INSERT INTO likes (like_id, liked_id, like_date) VALUES ("14","368","2017-06-06 16:39:00")
INSERT INTO likes (like_id, liked_id, like_date) VALUES ("14","81","2017-07-19 20:58:33")
INSERT INTO likes (like_id, liked_id, like_date) VALUES ("14","96","2017-12-31 20:01:59")
INSERT INTO likes (like_id, liked_id, like_date) VALUES ("14","7","2017-10-08 09:10:24")
INSERT INTO likes (like_id, liked_id, like_date) VALUES ("14","84","2017-10-22 11:59:29")
INSERT INTO likes (like_id, liked_id, like_date) VALUES ("14","290","2018-01-27 18:14:28")
INSERT INTO likes (like_id, liked_id, like_date) VALUES ("14","446","2017-03-03 21:12:06")
INSERT INTO likes (like_id, liked_id, like_date) VALUES ("14","83","2018-01-31 14:36:02")
INSERT INTO likes (like_id, liked_id, like_date) VALUES ("14","95","2017-06-29 23:07:58")
INSERT INTO likes (like_id, liked_id, like_date) VALUES ("14","320","2017-05-11 09:05:17")
INSERT INTO likes (like_id, liked_id, like_date) VALUES ("14","304","2017-11-21 20:33:43")
INSERT INTO likes (like_id, liked_id, like_date) VALUES ("14","111","2017-08-31 02:26:35")
INSERT INTO likes (like_id, liked_id, like_date) VALUES ("14","150","2017-08-10 07:11:38")
INSERT INTO likes (like_id, liked_id, like_date) VALUES ("14","431","2017-10-29 12:12:19")
INSERT INTO likes (like_id, liked_id, like_date) VALUES ("14","212","2017-12-24 10:30:53")
INSERT INTO likes (like_id, liked_id, like_date) VALUES ("14","372","2017-09-13 18:33:19")
INSERT INTO likes (like_id, liked_id, like_date) VALUES ("14","228","2017-12-20 09:55:31")
INSERT INTO likes (like_id, liked_id, like_date) VALUES ("14","131","2018-01-11 03:41:25")


INSERT INTO user (id, first_name, last_name, username, email, password, birthdate, gender, orientation, bio, country, state, city, zip, file_1, file_2, file_3, file_4, file_5, score, token, token_date, active, register, created_at, updated_at) VALUES ("15","Nikko","Auer","vernice.kautzer","cathrine.schimmel@gmail.com","$2y$10$zk5viVXfjuU/QV4pIirJ7uRVpmC4Jnv5NgbAewW5FgNUrTg5y6Lw6","1974-09-23 13:39:08","2","2","Esse sed deserunt quod eum debitis et. Culpa cum vero ut. Consequuntur sed consequuntur in assumenda temporibus. Alias voluptatibus ullam ullam.","Sierra Leone","","West Gennaro","24096","../fixtures/female2.jpg","../fixtures/female6.jpg","","","","6","04d933a88a023d93f3342bc6779c65a6","1998-07-22 21:18:42","0","0","1980-11-14 14:04:09","2016-07-04 20:49:19")
INSERT INTO user_tag (user_id, tag_id) VALUES ("15","6")
INSERT INTO user_tag (user_id, tag_id) VALUES ("15","30")
INSERT INTO user_tag (user_id, tag_id) VALUES ("15","43")
INSERT INTO user_tag (user_id, tag_id) VALUES ("15","7")
INSERT INTO user_tag (user_id, tag_id) VALUES ("15","30")
INSERT INTO user_tag (user_id, tag_id) VALUES ("15","3")
INSERT INTO user_tag (user_id, tag_id) VALUES ("15","18")
INSERT INTO user_tag (user_id, tag_id) VALUES ("15","1")
INSERT INTO user_tag (user_id, tag_id) VALUES ("15","21")
INSERT INTO user_tag (user_id, tag_id) VALUES ("15","29")


INSERT INTO likes (like_id, liked_id, like_date) VALUES ("15","498","2017-10-03 08:39:22")
INSERT INTO likes (like_id, liked_id, like_date) VALUES ("15","375","2017-10-23 23:06:48")
INSERT INTO likes (like_id, liked_id, like_date) VALUES ("15","321","2017-03-31 01:50:37")
INSERT INTO likes (like_id, liked_id, like_date) VALUES ("15","254","2017-04-08 00:29:25")
INSERT INTO likes (like_id, liked_id, like_date) VALUES ("15","263","2017-05-26 15:06:02")
INSERT INTO likes (like_id, liked_id, like_date) VALUES ("15","106","2017-10-29 13:48:41")
INSERT INTO likes (like_id, liked_id, like_date) VALUES ("15","92","2017-08-20 10:25:57")
INSERT INTO likes (like_id, liked_id, like_date) VALUES ("15","86","2017-08-31 12:19:47")
INSERT INTO likes (like_id, liked_id, like_date) VALUES ("15","324","2017-06-01 14:53:41")
INSERT INTO likes (like_id, liked_id, like_date) VALUES ("15","265","2017-10-05 22:37:40")
INSERT INTO likes (like_id, liked_id, like_date) VALUES ("15","144","2017-07-09 16:47:03")
INSERT INTO likes (like_id, liked_id, like_date) VALUES ("15","122","2017-04-08 16:19:55")
INSERT INTO likes (like_id, liked_id, like_date) VALUES ("15","491","2017-05-28 15:06:50")
INSERT INTO likes (like_id, liked_id, like_date) VALUES ("15","313","2017-12-18 16:17:59")
INSERT INTO likes (like_id, liked_id, like_date) VALUES ("15","421","2018-02-05 12:12:35")
INSERT INTO likes (like_id, liked_id, like_date) VALUES ("15","483","2018-01-07 04:15:45")
INSERT INTO likes (like_id, liked_id, like_date) VALUES ("15","403","2018-01-13 10:53:39")
INSERT INTO likes (like_id, liked_id, like_date) VALUES ("15","10","2018-01-02 21:16:49")
INSERT INTO likes (like_id, liked_id, like_date) VALUES ("15","73","2017-06-17 17:33:14")
INSERT INTO likes (like_id, liked_id, like_date) VALUES ("15","470","2017-06-04 22:09:26")


INSERT INTO user (id, first_name, last_name, username, email, password, birthdate, gender, orientation, bio, country, state, city, zip, file_1, file_2, file_3, file_4, file_5, score, token, token_date, active, register, created_at, updated_at) VALUES ("16","Dock","Dach","zoe60","bbradtke@ankunding.biz","$2y$10$jzHYfNB9MCgdcDHdYGvPheTNxgyWYKeU9oK18b0KWShWxwvjLxS3y","1992-10-05 23:16:25","2","2","Illo nesciunt voluptatum recusandae quisquam ullam optio recusandae et. Mollitia quia architecto vitae quod aut molestias debitis veniam. Accusantium eius praesentium libero aliquam. Nam blanditiis eius sint praesentium ut. Laudantium est amet et iure qui ut.","Armenia","","Mortimerview","58328","../fixtures/female5.jpg","","","","","39","62a497c6d6b746838b053496bb7e60ec","1994-03-08 02:22:43","1","0","2015-02-26 14:51:17","1982-07-10 08:29:39")
INSERT INTO user_tag (user_id, tag_id) VALUES ("16","16")
INSERT INTO user_tag (user_id, tag_id) VALUES ("16","31")
INSERT INTO user_tag (user_id, tag_id) VALUES ("16","28")
INSERT INTO user_tag (user_id, tag_id) VALUES ("16","44")
INSERT INTO user_tag (user_id, tag_id) VALUES ("16","10")
INSERT INTO user_tag (user_id, tag_id) VALUES ("16","45")
INSERT INTO user_tag (user_id, tag_id) VALUES ("16","12")
INSERT INTO user_tag (user_id, tag_id) VALUES ("16","32")
INSERT INTO user_tag (user_id, tag_id) VALUES ("16","38")
INSERT INTO user_tag (user_id, tag_id) VALUES ("16","31")
INSERT INTO user_tag (user_id, tag_id) VALUES ("16","29")
INSERT INTO user_tag (user_id, tag_id) VALUES ("16","50")
INSERT INTO user_tag (user_id, tag_id) VALUES ("16","2")


INSERT INTO likes (like_id, liked_id, like_date) VALUES ("16","4","2018-01-14 04:48:19")
INSERT INTO likes (like_id, liked_id, like_date) VALUES ("16","86","2017-04-23 05:01:20")
INSERT INTO likes (like_id, liked_id, like_date) VALUES ("16","370","2017-08-25 04:18:48")
INSERT INTO likes (like_id, liked_id, like_date) VALUES ("16","193","2017-03-27 01:53:33")
INSERT INTO likes (like_id, liked_id, like_date) VALUES ("16","43","2018-01-01 13:34:08")
INSERT INTO likes (like_id, liked_id, like_date) VALUES ("16","134","2017-11-06 09:52:50")
INSERT INTO likes (like_id, liked_id, like_date) VALUES ("16","372","2017-07-14 13:18:50")
INSERT INTO likes (like_id, liked_id, like_date) VALUES ("16","423","2017-03-18 05:53:45")
INSERT INTO likes (like_id, liked_id, like_date) VALUES ("16","166","2017-05-21 18:52:18")
INSERT INTO likes (like_id, liked_id, like_date) VALUES ("16","368","2017-04-25 07:47:22")
INSERT INTO likes (like_id, liked_id, like_date) VALUES ("16","172","2017-07-23 11:15:05")
INSERT INTO likes (like_id, liked_id, like_date) VALUES ("16","59","2017-08-22 21:03:50")
INSERT INTO likes (like_id, liked_id, like_date) VALUES ("16","447","2018-02-07 23:10:04")
INSERT INTO likes (like_id, liked_id, like_date) VALUES ("16","268","2017-03-31 04:03:37")
INSERT INTO likes (like_id, liked_id, like_date) VALUES ("16","352","2017-03-19 04:41:57")
INSERT INTO likes (like_id, liked_id, like_date) VALUES ("16","19","2017-06-12 17:01:37")
INSERT INTO likes (like_id, liked_id, like_date) VALUES ("16","22","2017-07-30 14:57:13")
INSERT INTO likes (like_id, liked_id, like_date) VALUES ("16","333","2017-06-22 05:27:38")


INSERT INTO user (id, first_name, last_name, username, email, password, birthdate, gender, orientation, bio, country, state, city, zip, file_1, file_2, file_3, file_4, file_5, score, token, token_date, active, register, created_at, updated_at) VALUES ("17","Dasia","Lynch","valerie59","cierra78@yahoo.com","$2y$10$b0ZIF9U0XM7THuS5PRkZUuFWFvKWDD9wpMwtDcm1E1h6pCn47Qh6y","1954-04-07 00:03:41","2","3","Ut aut voluptate id a ipsum nemo quia. Officia officiis ut natus veniam quaerat. Eligendi officiis natus temporibus accusantium quia ut aut.","United Kingdom","","Jermaineburgh","23128","../fixtures/female5.jpg","../fixtures/female10.jpg","","","","2","34f138ce7a8122d405a1f056c4bec6e5","1973-11-27 19:19:59","1","1","2010-07-20 00:52:42","2012-12-09 09:57:03")
INSERT INTO user_tag (user_id, tag_id) VALUES ("17","34")
INSERT INTO user_tag (user_id, tag_id) VALUES ("17","45")
INSERT INTO user_tag (user_id, tag_id) VALUES ("17","4")
INSERT INTO user_tag (user_id, tag_id) VALUES ("17","3")
INSERT INTO user_tag (user_id, tag_id) VALUES ("17","21")
INSERT INTO user_tag (user_id, tag_id) VALUES ("17","42")
INSERT INTO user_tag (user_id, tag_id) VALUES ("17","2")
INSERT INTO user_tag (user_id, tag_id) VALUES ("17","2")
INSERT INTO user_tag (user_id, tag_id) VALUES ("17","42")
INSERT INTO user_tag (user_id, tag_id) VALUES ("17","32")
INSERT INTO user_tag (user_id, tag_id) VALUES ("17","44")
INSERT INTO user_tag (user_id, tag_id) VALUES ("17","48")
INSERT INTO user_tag (user_id, tag_id) VALUES ("17","48")


INSERT INTO likes (like_id, liked_id, like_date) VALUES ("17","34","2017-09-18 18:31:58")
INSERT INTO likes (like_id, liked_id, like_date) VALUES ("17","500","2017-12-20 08:18:26")
INSERT INTO likes (like_id, liked_id, like_date) VALUES ("17","341","2017-09-13 16:44:05")
INSERT INTO likes (like_id, liked_id, like_date) VALUES ("17","235","2018-02-12 18:05:59")
INSERT INTO likes (like_id, liked_id, like_date) VALUES ("17","379","2017-04-24 01:34:09")
INSERT INTO likes (like_id, liked_id, like_date) VALUES ("17","468","2017-05-10 15:54:09")
INSERT INTO likes (like_id, liked_id, like_date) VALUES ("17","163","2017-12-11 08:57:04")
INSERT INTO likes (like_id, liked_id, like_date) VALUES ("17","80","2017-08-14 15:05:56")
INSERT INTO likes (like_id, liked_id, like_date) VALUES ("17","470","2017-11-15 06:54:30")
INSERT INTO likes (like_id, liked_id, like_date) VALUES ("17","184","2017-12-29 11:51:50")
INSERT INTO likes (like_id, liked_id, like_date) VALUES ("17","241","2017-05-20 09:02:12")


INSERT INTO user (id, first_name, last_name, username, email, password, birthdate, gender, orientation, bio, country, state, city, zip, file_1, file_2, file_3, file_4, file_5, score, token, token_date, active, register, created_at, updated_at) VALUES ("18","Ulices","Adams","xcremin","alden05@koss.com","$2y$10$nRXae1a9XTP03VyOC0a2RO.XtwauZXq6yWSE5NjtPlEU1b36dKGPO","1997-11-06 21:49:29","1","1","Labore est molestiae qui ad fugiat ea tempore. Odit non et cum qui atque et. Necessitatibus et eius odio tempore explicabo quia quasi.","Bouvet Island (Bouvetoya)","","New Alf","77722-3109","../fixtures/male9.jpg","../fixtures/male1.jpg","../fixtures/male6.jpg","../fixtures/male2.jpg","../fixtures/male5.jpg","81","e4282d4d235da1f50493a91ad838a225","1981-11-14 12:36:09","1","0","2017-10-26 13:51:30","2015-04-27 10:20:16")
INSERT INTO user_tag (user_id, tag_id) VALUES ("18","49")
INSERT INTO user_tag (user_id, tag_id) VALUES ("18","18")
INSERT INTO user_tag (user_id, tag_id) VALUES ("18","25")


INSERT INTO likes (like_id, liked_id, like_date) VALUES ("18","79","2017-10-26 21:50:28")
INSERT INTO likes (like_id, liked_id, like_date) VALUES ("18","287","2017-06-12 02:00:02")
INSERT INTO likes (like_id, liked_id, like_date) VALUES ("18","417","2017-11-08 23:22:09")


INSERT INTO user (id, first_name, last_name, username, email, password, birthdate, gender, orientation, bio, country, state, city, zip, file_1, file_2, file_3, file_4, file_5, score, token, token_date, active, register, created_at, updated_at) VALUES ("19","Joel","Wiegand","noreilly","green.amaya@hotmail.com","$2y$10$HUujWC737g1MrQUfFh/ZKe81LOhxp3jzbj4ml0XkVU3NQXOrlGyrK","1979-03-13 09:49:54","2","3","Consequatur a adipisci occaecati voluptatibus unde nobis. Dolores voluptatem dolores earum distinctio tenetur optio. Quia ipsum quo repudiandae architecto eum minus.","Palau","","North Belleport","95294-8166","../fixtures/female7.jpg","../fixtures/female2.jpg","../fixtures/female6.jpg","","","88","f8ce61267fb2ec9bfe11d1723da81b58","1998-01-05 09:02:08","0","0","1975-02-24 10:17:44","2018-02-07 02:18:00")
INSERT INTO user_tag (user_id, tag_id) VALUES ("19","1")
INSERT INTO user_tag (user_id, tag_id) VALUES ("19","45")
INSERT INTO user_tag (user_id, tag_id) VALUES ("19","19")
INSERT INTO user_tag (user_id, tag_id) VALUES ("19","32")


INSERT INTO likes (like_id, liked_id, like_date) VALUES ("19","352","2017-07-08 17:53:36")
INSERT INTO likes (like_id, liked_id, like_date) VALUES ("19","281","2017-04-03 13:56:58")
INSERT INTO likes (like_id, liked_id, like_date) VALUES ("19","134","2018-01-08 03:13:49")
INSERT INTO likes (like_id, liked_id, like_date) VALUES ("19","414","2017-06-24 22:34:58")
INSERT INTO likes (like_id, liked_id, like_date) VALUES ("19","5","2017-09-04 11:29:51")
INSERT INTO likes (like_id, liked_id, like_date) VALUES ("19","369","2017-06-18 22:01:37")
INSERT INTO likes (like_id, liked_id, like_date) VALUES ("19","179","2018-01-05 08:55:49")
INSERT INTO likes (like_id, liked_id, like_date) VALUES ("19","174","2017-03-13 16:09:06")
INSERT INTO likes (like_id, liked_id, like_date) VALUES ("19","292","2018-01-09 12:04:05")
INSERT INTO likes (like_id, liked_id, like_date) VALUES ("19","220","2017-03-01 15:43:11")


INSERT INTO user (id, first_name, last_name, username, email, password, birthdate, gender, orientation, bio, country, state, city, zip, file_1, file_2, file_3, file_4, file_5, score, token, token_date, active, register, created_at, updated_at) VALUES ("20","Milton","Koch","areilly","ybarrows@gmail.com","$2y$10$db9kTWT6/s3q/dQG4kR2HOzGYCPHFt1XJFXzd55thuZQdMjhWArSC","1987-05-05 12:25:26","1","1","Quia ex voluptates est exercitationem. Accusamus sunt ea deleniti velit quis. Nobis aut consequatur pariatur sunt velit qui. Hic et in ullam libero iusto ut nihil.","Iran","","Hyatttown","09744-0002","../fixtures/male9.jpg","../fixtures/male5.jpg","","","","90","14d1330ce24a75bd76feabebd10a30bc","1999-10-10 02:34:09","1","0","2009-04-01 04:30:05","1987-04-17 00:39:07")
INSERT INTO user_tag (user_id, tag_id) VALUES ("20","40")
INSERT INTO user_tag (user_id, tag_id) VALUES ("20","35")
INSERT INTO user_tag (user_id, tag_id) VALUES ("20","13")
INSERT INTO user_tag (user_id, tag_id) VALUES ("20","43")
INSERT INTO user_tag (user_id, tag_id) VALUES ("20","2")
INSERT INTO user_tag (user_id, tag_id) VALUES ("20","5")


INSERT INTO likes (like_id, liked_id, like_date) VALUES ("20","165","2017-05-03 07:19:17")
INSERT INTO likes (like_id, liked_id, like_date) VALUES ("20","45","2017-08-14 02:30:23")
INSERT INTO likes (like_id, liked_id, like_date) VALUES ("20","380","2017-04-19 23:23:56")
INSERT INTO likes (like_id, liked_id, like_date) VALUES ("20","369","2017-03-26 17:01:52")


